question,answer_1,answer_2,answer_3,answer_4,correct_answer
Το Ακαθάριστο Εγχώριο Προϊόν (ΑΕΠ) μετρά:,Το εισόδημα των πολιτών,Την παραγωγή μιας χώρας σε μια περίοδο,Τις εξαγωγές μιας χώρας,Το δημόσιο χρέος,β
Το ΑΕΠ περιλαμβάνει:,Παράνομες συναλλαγές,Αυτοκατανάλωση,Παραγωγή μετρήσιμη σε χρήμα,Μόνο εξαγωγές,γ
Ποιο από τα παρακάτω δεν περιλαμβάνεται στο ΑΕΠ;,Εθελοντική εργασία,Παραγωγή εργοστασίου,Πώληση αυτοκινήτου,Κατασκευή σπιτιού,α
Το ΑΕΠ υπολογίζεται για:,Κάθε πολίτη,Κάθε προϊόν,Μια οικονομία σε δεδομένη περίοδο,Μόνο τις κρατικές επιχειρήσεις,γ
Ποιο μέγεθος δείχνει καλύτερα την οικονομική πρόοδο;,Ο πληθωρισμός,Το ονομαστικό ΑΕΠ,Το πραγματικό ΑΕΠ,Η ανεργία,γ
Το Ακαθάριστο Εγχώριο Προϊόν (ΑΕΠ) μετρά:,Το εισόδημα των πολιτών,Την παραγωγή μιας χώρας σε μια περίοδο,Τις εξαγωγές μιας χώρας,Το δημόσιο χρέος,β
Το ΑΕΠ περιλαμβάνει:,Παράνομες συναλλαγές,Αυτοκατανάλωση,Παραγωγή μετρήσιμη σε χρήμα,Μόνο εξαγωγές,γ
Ποιο από τα παρακάτω δεν περιλαμβάνεται στο ΑΕΠ;,Εθελοντική εργασία,Παραγωγή εργοστασίου,Πώληση αυτοκινήτου,Κατασκευή σπιτιού,α
Το ΑΕΠ υπολογίζεται για:,Κάθε πολίτη,Κάθε προϊόν,Μια οικονομία σε δεδομένη περίοδο,Μόνο τις κρατικές επιχειρήσεις,γ
Ποιο μέγεθος δείχνει καλύτερα την οικονομική πρόοδο;,Ο πληθωρισμός,Το ονομαστικό ΑΕΠ,Το πραγματικό ΑΕΠ,Η ανεργία,γ
Το Ακαθάριστο Εγχώριο Προϊόν (ΑΕΠ) μετρά:,Το εισόδημα των πολιτών,Την παραγωγή μιας χώρας σε μια περίοδο,Τις εξαγωγές μιας χώρας,Το δημόσιο χρέος,β
Το ΑΕΠ περιλαμβάνει:,Παράνομες συναλλαγές,Αυτοκατανάλωση,Παραγωγή μετρήσιμη σε χρήμα,Μόνο εξαγωγές,γ
Ποιο από τα παρακάτω δεν περιλαμβάνεται στο ΑΕΠ;,Εθελοντική εργασία,Παραγωγή εργοστασίου,Πώληση αυτοκινήτου,Κατασκευή σπιτιού,α
Το ΑΕΠ υπολογίζεται για:,Κάθε πολίτη,Κάθε προϊόν,Μια οικονομία σε δεδομένη περίοδο,Μόνο τις κρατικές επιχειρήσεις,γ
Ποιο μέγεθος δείχνει καλύτερα την οικονομική πρόοδο;,Ο πληθωρισμός,Το ονομαστικό ΑΕΠ,Το πραγματικό ΑΕΠ,Η ανεργία,γ
Το Ακαθάριστο Εγχώριο Προϊόν (ΑΕΠ) μετρά:,Το εισόδημα των πολιτών,Την παραγωγή μιας χώρας σε μια περίοδο,Τις εξαγωγές μιας χώρας,Το δημόσιο χρέος,β
Το ΑΕΠ περιλαμβάνει:,Παράνομες συναλλαγές,Αυτοκατανάλωση,Παραγωγή μετρήσιμη σε χρήμα,Μόνο εξαγωγές,γ
Ποιο από τα παρακάτω δεν περιλαμβάνεται στο ΑΕΠ;,Εθελοντική εργασία,Παραγωγή εργοστασίου,Πώληση αυτοκινήτου,Κατασκευή σπιτιού,α
Το ΑΕΠ υπολογίζεται για:,Κάθε πολίτη,Κάθε προϊόν,Μια οικονομία σε δεδομένη περίοδο,Μόνο τις κρατικές επιχειρήσεις,γ
Ποιο μέγεθος δείχνει καλύτερα την οικονομική πρόοδο;,Ο πληθωρισμός,Το ονομαστικό ΑΕΠ,Το πραγματικό ΑΕΠ,Η ανεργία,γ
