question,answer
Το συνολικό προϊόν αυξάνεται συνεχώς όσο αυξάνεται η εργασία.,λάθος
Το οριακό προϊόν δείχνει την επιπλέον παραγωγή από μια μονάδα επιπλέον εργασίας.,σωστό
Το σταθερό κόστος αυξάνεται με την παραγωγή.,λάθος
Το μεταβλητό κόστος εξαρτάται από το επίπεδο παραγωγής.,σωστό
Το μέσο κόστος είναι ίσο με το σταθερό κόστος.,λάθος
Το συνολικό προϊόν αυξάνεται συνεχώς όσο αυξάνεται η εργασία.,λάθος
Το οριακό προϊόν δείχνει την επιπλέον παραγωγή από μια μονάδα επιπλέον εργασίας.,σωστό
Το σταθερό κόστος αυξάνεται με την παραγωγή.,λάθος
Το μεταβλητό κόστος εξαρτάται από το επίπεδο παραγωγής.,σωστό
Το μέσο κόστος είναι ίσο με το σταθερό κόστος.,λάθος
Το συνολικό προϊόν αυξάνεται συνεχώς όσο αυξάνεται η εργασία.,λάθος
Το οριακό προϊόν δείχνει την επιπλέον παραγωγή από μια μονάδα επιπλέον εργασίας.,σωστό
Το σταθερό κόστος αυξάνεται με την παραγωγή.,λάθος
Το μεταβλητό κόστος εξαρτάται από το επίπεδο παραγωγής.,σωστό
Το μέσο κόστος είναι ίσο με το σταθερό κόστος.,λάθος
Το συνολικό προϊόν αυξάνεται συνεχώς όσο αυξάνεται η εργασία.,λάθος
Το οριακό προϊόν δείχνει την επιπλέον παραγωγή από μια μονάδα επιπλέον εργασίας.,σωστό
Το σταθερό κόστος αυξάνεται με την παραγωγή.,λάθος
Το μεταβλητό κόστος εξαρτάται από το επίπεδο παραγωγής.,σωστό
Το μέσο κόστος είναι ίσο με το σταθερό κόστος.,λάθος
